propeller_name,blade_name,propeller_brand,number_of_blades,propeller_diameter,propeller_pitch,single_blade_area,total_blade_area,disc_radius,disc_area,solidity
nr640 5x3.16 - 2,nr640 5x3.16,nr640,2,5.0,3.156702054,0.5374374999999999,1.0748749999999998,2.5,19.634954084936208,0.05474293422588831
nr640 5x4.29 - 2,nr640 5x4.29,nr640,2,5.0,4.287923303,0.5374374999999999,1.0748749999999998,2.5,19.634954084936208,0.05474293422588831
nr640 9x5.68 - 2,nr640 9x5.68,nr640,2,9.0,5.682063698,1.7412975,3.482595,4.5,63.61725123519331,0.05474293422588832
nr640 9x7.72 - 2,nr640 9x7.72,nr640,2,9.0,7.718261945,1.7412975,3.482595,4.5,63.61725123519331,0.05474293422588832
apce 19.0x12.0 - 2,apce 19.0x12.0,apce,2,19.0,12.0,9.160375,18.32075,9.5,283.5287369864788,0.06461690689530951
apce 17.0x12.0 - 2,apce 17.0x12.0,apce,2,17.0,12.0,7.3731125,14.746225,8.5,226.98006922186255,0.06496704777011168
apce 14.0x12.0 - 2,apce 14.0x12.0,apce,2,14.0,12.0,5.028625000000001,10.057250000000002,7.0,153.93804002589985,0.06533310413922305
grcp 11.0x6.0 - 2,grcp 11.0x6.0,grcp,2,11.0,6.0,3.20423125,6.4084625,5.5,95.03317777109125,0.06743394938803605
grcp 9.0x4.0 - 2,grcp 9.0x4.0,grcp,2,9.0,4.0,2.21990625,4.4398125,4.5,63.61725123519331,0.06978944254579611
grcp 11.0x4.0 - 2,grcp 11.0x4.0,grcp,2,11.0,4.0,3.32220625,6.6444125,5.5,95.03317777109125,0.06991676650026962
apcsp 14.0x13.0 - 2,apcsp 14.0x13.0,apcsp,2,14.0,13.0,5.46105,10.9221,7.0,153.93804002589985,0.07095127363036695
mas 11.0x6.0 - 2,mas 11.0x6.0,mas,2,11.0,6.0,3.3834625,6.766925,5.5,95.03317777109125,0.07120592153931397
grcp 11.0x8.0 - 2,grcp 11.0x8.0,grcp,2,11.0,8.0,3.39934375,6.7986875,5.5,95.03317777109125,0.07154014691980695
apc29ff 9.0x5.0 - 2,apc29ff 9.0x5.0,apc29ff,2,9.0,5.0,2.3176125,4.635225,4.5,63.61725123519331,0.0728611329474697
grcp 10.0x6.0 - 2,grcp 10.0x6.0,grcp,2,10.0,6.0,2.8875,5.775,5.0,78.53981633974483,0.07352958370845565
grcp 9.0x6.0 - 2,grcp 9.0x6.0,grcp,2,9.0,6.0,2.3459625,4.691925,4.5,63.61725123519331,0.07375240062878431
mas 11.0x7.0 - 2,mas 11.0x7.0,mas,2,11.0,7.0,3.530175,7.06035,5.5,95.03317777109125,0.07429352743529674
apcsp 11.0x5.0 - 2,apcsp 11.0x5.0,apcsp,2,11.0,5.0,3.5861375000000004,7.172275000000001,5.5,95.03317777109125,0.07547127401417678
mas 9.0x5.0 - 2,mas 9.0x5.0,mas,2,9.0,5.0,2.40823125,4.8164625,4.5,63.61725123519331,0.07571000642881462
apcsp 9.0x7.0 - 2,apcsp 9.0x7.0,apcsp,2,9.0,7.0,2.4138000000000006,4.827600000000001,4.5,63.61725123519331,0.07588507686621572
apcsp 11.0x8.0 - 2,apcsp 11.0x8.0,apcsp,2,11.0,8.0,3.6073125000000004,7.214625000000001,5.5,95.03317777109125,0.07591690785483408
apcsp 10.0x8.0 - 2,apcsp 10.0x8.0,apcsp,2,10.0,8.0,2.9837499999999997,5.967499999999999,5.0,78.53981633974483,0.07598056983207083
apcsp 11.0x7.0 - 2,apcsp 11.0x7.0,apcsp,2,11.0,7.0,3.6163875,7.232775,5.5,95.03317777109125,0.07610789378654435
apce 11.0x5.5 - 2,apce 11.0x5.5,apce,2,11.0,5.5,3.6186562500000004,7.237312500000001,5.5,95.03317777109125,0.07615564026947193
apcsp 11.0x9.0 - 2,apcsp 11.0x9.0,apcsp,2,11.0,9.0,3.6194125,7.238825,5.5,95.03317777109125,0.07617155576378111
apcsp 11.0x4.0 - 2,apcsp 11.0x4.0,apcsp,2,11.0,4.0,3.62016875,7.2403375,5.5,95.03317777109125,0.07618747125809029
apcsp 11.0x6.0 - 2,apcsp 11.0x6.0,apcsp,2,11.0,6.0,3.6322687499999997,7.264537499999999,5.5,95.03317777109125,0.07644211916703732
mas 11.0x8.0 - 2,mas 11.0x8.0,mas,2,11.0,8.0,3.64436875,7.2887375,5.5,95.03317777109125,0.07669676707598436
mas 10.0x7.0 - 2,mas 10.0x7.0,mas,2,10.0,7.0,3.014375,6.02875,5.0,78.53981633974483,0.07676042905322111
apce 11.0x8.0 - 2,apce 11.0x8.0,apce,2,11.0,8.0,3.6496625,7.299325,5.5,95.03317777109125,0.07680817553614869
apcsp 10.0x6.0 - 2,apcsp 10.0x6.0,apcsp,2,10.0,6.0,3.01625,6.0325,5.0,78.53981633974483,0.07680817553614869
grcp 10.0x8.0 - 2,grcp 10.0x8.0,grcp,2,10.0,8.0,3.0193749999999997,6.038749999999999,5.0,78.53981633974483,0.07688775300769463
ma 9.0x6.0 - 2,ma 9.0x6.0,ma,2,9.0,6.0,2.44569375,4.8913875,4.5,63.61725123519331,0.07688775300769465
mas 10.0x5.0 - 2,mas 10.0x5.0,mas,2,10.0,5.0,3.024375,6.04875,5.0,78.53981633974483,0.07701507696216815
kyosho 11.0x9.0 - 2,kyosho 11.0x9.0,kyosho,2,11.0,9.0,3.6647875000000005,7.329575000000001,5.5,95.03317777109125,0.0771264854223325
ma 11.0x7.0 - 2,ma 11.0x7.0,ma,2,11.0,7.0,3.66705625,7.3341125,5.5,95.03317777109125,0.07717423190526004
apce 11.0x8.5 - 2,apce 11.0x8.5,apce,2,11.0,8.5,3.6693250000000006,7.338650000000001,5.5,95.03317777109125,0.07722197838818763
apce 11.0x7.0 - 2,apce 11.0x7.0,apce,2,11.0,7.0,3.67235,7.3447,5.5,95.03317777109125,0.07728564036542437
mi 4.0x2.7 - 2,mi 4.0x2.7,mi,2,4.0,2.7,0.48754000000000003,0.9750800000000001,2.0,12.566370614359172,0.07759440095502267
ma 11.0x4.0 - 2,ma 11.0x4.0,ma,2,11.0,4.0,3.6920124999999997,7.384024999999999,5.5,95.03317777109125,0.07769944321746329
ma 11.0x8.0 - 2,ma 11.0x8.0,ma,2,11.0,8.0,3.69428125,7.3885625,5.5,95.03317777109125,0.07774718970039086
apce 11.0x10.0 - 2,apce 11.0x10.0,apce,2,11.0,10.0,3.70486875,7.4097375,5.5,95.03317777109125,0.07797000662071953
ma 11.0x6.0 - 2,ma 11.0x6.0,ma,2,11.0,6.0,3.70638125,7.4127625,5.5,95.03317777109125,0.0780018376093379
ma 9.0x4.0 - 2,ma 9.0x4.0,ma,2,9.0,4.0,2.4947999999999997,4.989599999999999,4.5,63.61725123519331,0.07843155595568602
apcsp 9.0x6.0 - 2,apcsp 9.0x6.0,apcsp,2,9.0,6.0,2.527554375,5.05510875,4.5,63.61725123519331,0.07946128843749059
kyosho 11.0x7.0 - 2,kyosho 11.0x7.0,kyosho,2,11.0,7.0,3.7918374999999997,7.5836749999999995,5.5,95.03317777109125,0.07980028846627632
mas 9.0x7.0 - 2,mas 9.0x7.0,mas,2,9.0,7.0,2.54188125,5.0837625,4.5,63.61725123519331,0.07991169692644065
apce 10.0x5.0 - 2,apce 10.0x5.0,apce,2,10.0,5.0,3.164375,6.32875,5.0,78.53981633974483,0.0805801476874266
kyosho 10.0x6.0 - 2,kyosho 10.0x6.0,kyosho,2,10.0,6.0,3.176875,6.35375,5.0,78.53981633974483,0.0808984575736104
apcff 9.0x4.0 - 2,apcff 9.0x4.0,apcff,2,9.0,4.0,2.573926875,5.14785375,4.5,63.61725123519331,0.08091914771621236
apce 10.0x7.0 - 2,apce 10.0x7.0,apce,2,10.0,7.0,3.185,6.37,5.0,78.53981633974483,0.08110535899962987
kyosho 10.0x7.0 - 2,kyosho 10.0x7.0,kyosho,2,10.0,7.0,3.186875,6.37375,5.0,78.53981633974483,0.08115310548255743
kyosho 9.0x6.0 - 2,kyosho 9.0x6.0,kyosho,2,9.0,6.0,2.5874437500000003,5.1748875000000005,4.5,63.61725123519331,0.08134409141426772
mae 10.0x7.0 - 2,mae 10.0x7.0,mae,2,10.0,7.0,3.198125,6.39625,5.0,78.53981633974483,0.08143958438012285
ef 130.0x70.0 - 2,ef 130.0x70.0,ef,2,5.118110236,2.755905512,0.8402063053402237,1.6804126106804473,2.559055118,20.57354603551574,0.08167831679476069
mae 11.0x7.0 - 2,mae 11.0x7.0,mae,2,11.0,7.0,3.88788125,7.7757625,5.5,95.03317777109125,0.0818215562435434
vp 140.0x45.0 - 2,vp 140.0x45.0,vp,2,5.511811024,1.771653543,0.979567084268509,1.959134168537018,2.755905512,23.860443928174618,0.08210803514110881
gwsdd 10.0x6.0 - 2,gwsdd 10.0x6.0,gwsdd,2,10.0,6.0,3.22875,6.4575,5.0,78.53981633974483,0.08221944360127312
mae 9.0x6.0 - 2,mae 9.0x6.0,mae,2,9.0,6.0,2.6375624999999996,5.275124999999999,4.5,63.61725123519331,0.08291972535087747
magf 10.0x6.0 - 2,magf 10.0x6.0,magf,2,10.0,6.0,3.2656250000000004,6.531250000000001,5.0,78.53981633974483,0.08315845776551532
mi 3.2x2.2 - 2,mi 3.2x2.2,mi,2,3.2,2.2,0.33845120000000006,0.6769024000000001,1.6,8.042477193189871,0.08416590855528702
mit 5.0x4.0 - 2,mit 5.0x4.0,mit,2,5.0,4.0,0.830515625,1.66103125,2.5,19.634954084936208,0.08459562690163512
gwsdd 11.0x7.0 - 2,gwsdd 11.0x7.0,gwsdd,2,11.0,7.0,4.023250000000001,8.046500000000002,5.5,95.03317777109125,0.08467042972488834
magf 10.0x8.0 - 2,magf 10.0x8.0,magf,2,10.0,8.0,3.3312500000000003,6.6625000000000005,5.0,78.53981633974483,0.08482958466798023
gwsdd 9.0x5.0 - 2,gwsdd 9.0x5.0,gwsdd,2,9.0,5.0,2.7033750000000003,5.406750000000001,4.5,63.61725123519331,0.08498873961107213
grcsp 10.0x8.0 - 2,grcsp 10.0x8.0,grcsp,2,10.0,8.0,3.3912500000000003,6.782500000000001,5.0,78.53981633974483,0.08635747212166242
grcsp 10.0x6.0 - 2,grcsp 10.0x6.0,grcsp,2,10.0,6.0,3.406875,6.81375,5.0,78.53981633974483,0.08675535947939214
grsn 10.0x7.0 - 2,grsn 10.0x7.0,grsn,2,10.0,7.0,3.4075,6.815,5.0,78.53981633974483,0.08677127497370134
grsn 11.0x6.0 - 2,grsn 11.0x6.0,grsn,2,11.0,6.0,4.14198125,8.2839625,5.5,95.03317777109125,0.08716916233143107
grsn 10.0x6.0 - 2,grsn 10.0x6.0,grsn,2,10.0,6.0,3.4418750000000005,6.883750000000001,5.0,78.53981633974483,0.08764662716070677
grsn 11.0x8.0 - 2,grsn 11.0x8.0,grsn,2,11.0,8.0,4.177525000000001,8.355050000000002,5.5,95.03317777109125,0.08791719056396301
da4002 5.0x3.75 - 2,da4002 5.0x3.75,da4002,2,5.0,3.75,0.8683906249999999,1.7367812499999997,2.5,19.634954084936208,0.08845354272218266
da4002 5.0x1.58 - 2,da4002 5.0x1.58,da4002,2,5.0,1.58,0.871109375,1.74221875,2.5,19.634954084936208,0.08873047232316257
apcff 4.2x4.0 - 2,apcff 4.2x4.0,apcff,2,4.2,4.0,0.6147209250000001,1.2294418500000002,2.1,13.854423602330987,0.0887400216197481
da4002 9.0x6.75 - 2,da4002 9.0x6.75,da4002,2,9.0,6.75,2.8392524999999997,5.6785049999999995,4.5,63.61725123519331,0.08926045828365858
da4002 5.0x2.65 - 2,da4002 5.0x2.65,da4002,2,5.0,2.65,0.87878125,1.7575625,2.5,19.634954084936208,0.08951192309374377
da4002 5.0x4.92 - 2,da4002 5.0x4.92,da4002,2,5.0,4.92,0.8814218749999999,1.7628437499999998,2.5,19.634954084936208,0.08978089494756906
da4002 9.0x8.95 - 2,da4002 9.0x8.95,da4002,2,9.0,8.95,2.8558068750000003,5.711613750000001,4.5,63.61725123519331,0.08978089494756909
da4002 9.0x4.76 - 2,da4002 9.0x4.76,da4002,2,9.0,4.76,2.8570724999999997,5.714144999999999,4.5,63.61725123519331,0.08982068368334205
apcsp 4.2x2.0 - 2,apcsp 4.2x2.0,apcsp,2,4.2,2.0,0.6227802,1.2455604,2.1,13.854423602330987,0.08990344425374984
mi 5.0x3.5 - 2,mi 5.0x3.5,mi,2,5.0,3.5,0.884265625,1.76853125,2.5,19.634954084936208,0.09007055694399634
mit 4.3x3.5 - 2,mit 4.3x3.5,mit,2,4.3,3.5,0.65428020625,1.3085604125,2.15,14.522012041218817,0.0901087541303384
apce 9.0x6.0 - 2,apce 9.0x6.0,apce,2,9.0,6.0,2.873475,5.74695,4.5,63.61725123519331,0.0903363456989598
da4002 9.0x2.85 - 2,da4002 9.0x2.85,da4002,2,9.0,2.85,2.88673875,5.7734775,4.5,63.61725123519331,0.09075333164986057
apce 9.0x4.5 - 2,apce 9.0x4.5,apce,2,9.0,4.5,2.9008125000000002,5.8016250000000005,4.5,63.61725123519331,0.09119578239165604
grsn 9.0x7.0 - 2,grsn 9.0x7.0,grsn,2,9.0,7.0,2.9073937499999998,5.8147874999999996,4.5,63.61725123519331,0.0914026838176755
grsn 9.0x5.0 - 2,grsn 9.0x5.0,grsn,2,9.0,5.0,2.9180250000000005,5.836050000000001,4.5,63.61725123519331,0.0917369091981685
gwssf 11.0x8.0 - 2,gwssf 11.0x8.0,gwssf,2,11.0,8.0,4.362806249999999,8.725612499999999,5.5,95.03317777109125,0.0918164866697144
gwssf 9.0x4.7 - 2,gwssf 9.0x4.7,gwssf,2,9.0,4.7,2.9575125,5.915025,4.5,63.61725123519331,0.09297831775428526
gwssf 9.0x7.0 - 2,gwssf 9.0x7.0,gwssf,2,9.0,7.0,3.0051,6.0102,4.5,63.61725123519331,0.09447437421934908
grcsp 9.0x6.0 - 2,grcsp 9.0x6.0,grcsp,2,9.0,6.0,3.0233250000000003,6.0466500000000005,4.5,63.61725123519331,0.09504733201447992
apcsf 10.0x4.7 - 2,apcsf 10.0x4.7,apcsf,2,10.0,4.7,3.759375,7.51875,5.0,78.53981633974483,0.09573169826977504
apcsf 10.0x7.0 - 2,apcsf 10.0x7.0,apcsf,2,10.0,7.0,3.77,7.54,5.0,78.53981633974483,0.09600226167303126
gwssf 10.0x8.0 - 2,gwssf 10.0x8.0,gwssf,2,10.0,8.0,3.7718749999999996,7.543749999999999,5.0,78.53981633974483,0.09605000815595882
apcsf 11.0x4.7 - 2,apcsf 11.0x4.7,apcsf,2,11.0,4.7,4.62144375,9.2428875,5.5,95.03317777109125,0.09725958572345723
gwssf 11.0x4.7 - 2,gwssf 11.0x4.7,gwssf,2,11.0,4.7,4.6358125,9.271625,5.5,95.03317777109125,0.09756198011533185
apcsf 9.0x6.0 - 2,apcsf 9.0x6.0,apcsf,2,9.0,6.0,3.1043250000000002,6.2086500000000004,4.5,63.61725123519331,0.09759381110395024
apcsf 9.0x4.7 - 2,apcsf 9.0x4.7,apcsf,2,9.0,4.7,3.1098937500000003,6.219787500000001,4.5,63.61725123519331,0.09776888154135133
apcsf 11.0x3.8 - 2,apcsf 11.0x3.8,apcsf,2,11.0,3.8,4.663037500000001,9.326075000000001,5.5,95.03317777109125,0.09813493791046268
apcsf 11.0x7.0 - 2,apcsf 11.0x7.0,apcsf,2,11.0,7.0,4.66455,9.3291,5.5,95.03317777109125,0.09816676889908105
gwssf 10.0x4.7 - 2,gwssf 10.0x4.7,gwssf,2,10.0,4.7,3.9318750000000002,7.8637500000000005,5.0,78.53981633974483,0.10012437469911135
grcsp 9.0x5.0 - 2,grcsp 9.0x5.0,grcsp,2,9.0,5.0,3.1898812500000004,6.379762500000001,4.5,63.61725123519331,0.10028352964220327
pl 100.0x80.0 - 2,pl 100.0x80.0,pl,2,3.937007874,3.149606299,0.645246915488669,1.290493830977338,1.968503937,12.173695879954817,0.10600674139578782
gwsdd 4.5x4.0 - 2,gwsdd 4.5x4.0,gwsdd,2,4.5,4.0,0.8551828125000001,1.7103656250000001,2.25,15.904312808798327,0.1075409950471937
gwsdd 4.5x3.0 - 2,gwsdd 4.5x3.0,gwsdd,2,4.5,3.0,0.8558915625000001,1.7117831250000002,2.25,15.904312808798327,0.10763012181532516
gwsdd 5.0x3.0 - 2,gwsdd 5.0x3.0,gwsdd,2,5.0,3.0,1.0935,2.187,2.5,19.634954084936208,0.11138299537343202
da4022 9.0x6.75 - 2,da4022 9.0x6.75,da4022,2,9.0,6.75,3.6367481250000004,7.273496250000001,4.5,63.61725123519331,0.11433213646892487
da4022 5.0x3.75 - 2,da4022 5.0x3.75,da4022,2,5.0,3.75,1.1263281249999997,2.2526562499999994,2.5,19.634954084936208,0.11472684072779273
gwsdd 5.0x4.3 - 2,gwsdd 5.0x4.3,gwsdd,2,5.0,4.3,1.1465,2.293,2.5,19.634954084936208,0.11678153104310914
kpf 96.0x70.0 - 2,kpf 96.0x70.0,kpf,2,3.779527559,2.755905512,0.6576377952564094,1.3152755905128188,1.8897637795,11.219278122728886,0.11723353108149011
gwsdd 4.0x4.0 - 2,gwsdd 4.0x4.0,gwsdd,2,4.0,4.0,0.7375399999999999,1.4750799999999997,2.0,12.566370614359172,0.11738313672799647
da4052 5.0x3.75 - 2,da4052 5.0x3.75,da4052,2,5.0,3.75,1.20309375,2.4061875,2.5,19.634954084936208,0.12254612308189758
da4052 9.0x6.75 - 2,da4052 9.0x6.75,da4052,2,9.0,6.75,3.945763125,7.89152625,4.5,63.61725123519331,0.12404695419525416
gwsdd 4.0x2.5 - 2,gwsdd 4.0x2.5,gwsdd,2,4.0,2.5,0.82086,1.64172,2.0,12.566370614359172,0.13064392658641322
union 9x7.72 - 2,union 9x7.72,union,2,9.0,7.718261945,4.31071875,8.6214375,4.5,63.61725123519331,0.1355204340427489
gwsdd 3.0x3.0 - 2,gwsdd 3.0x3.0,gwsdd,2,3.0,3.0,0.493081875,0.98616375,1.5,7.0685834705770345,0.13951363156492455
gwsdd 3.0x2.0 - 2,gwsdd 3.0x2.0,gwsdd,2,3.0,2.0,0.541558125,1.08311625,1.5,7.0685834705770345,0.15322960456058407
gwsdd 2.5x1.0 - 2,gwsdd 2.5x1.0,gwsdd,2,2.5,1.0,0.414203125,0.82840625,1.25,4.908738521234052,0.16876153545692213
pl 57.0x20.0 - 2,pl 57.0x20.0,pl,2,2.244094488,0.787401575,0.3404529331297769,0.6809058662595538,1.122047244,3.955233790762818,0.17215312729421042
gwsdd 2.5x0.8 - 2,gwsdd 2.5x0.8,gwsdd,2,2.5,0.8,0.4234322916666666,0.8468645833333333,1.25,4.908738521234052,0.17252183624570663
ance 8.5x6.0 - 2,ance 8.5x6.0,ance,2,8.5,6.0,,,4.25,56.74501730546564,
ance 8.5x7.0 - 2,ance 8.5x7.0,ance,2,8.5,7.0,,,4.25,56.74501730546564,
ancf 10.0x12.0 - 2,ancf 10.0x12.0,ancf,2,10.0,12.0,,,5.0,78.53981633974483,
ancf 10.0x4.0 - 2,ancf 10.0x4.0,ancf,2,10.0,4.0,,,5.0,78.53981633974483,
ancf 10.0x5.0 - 2,ancf 10.0x5.0,ancf,2,10.0,5.0,,,5.0,78.53981633974483,
ancf 10.0x6.0 - 2,ancf 10.0x6.0,ancf,2,10.0,6.0,,,5.0,78.53981633974483,
ancf 10.0x7.0 - 2,ancf 10.0x7.0,ancf,2,10.0,7.0,,,5.0,78.53981633974483,
ancf 10.0x8.0 - 2,ancf 10.0x8.0,ancf,2,10.0,8.0,,,5.0,78.53981633974483,
ancf 11.0x10.0 - 2,ancf 11.0x10.0,ancf,2,11.0,10.0,,,5.5,95.03317777109125,
ancf 11.0x12.0 - 2,ancf 11.0x12.0,ancf,2,11.0,12.0,,,5.5,95.03317777109125,
ancf 11.0x4.0 - 2,ancf 11.0x4.0,ancf,2,11.0,4.0,,,5.5,95.03317777109125,
ancf 11.0x6.0 - 2,ancf 11.0x6.0,ancf,2,11.0,6.0,,,5.5,95.03317777109125,
ancf 11.0x7.0 - 2,ancf 11.0x7.0,ancf,2,11.0,7.0,,,5.5,95.03317777109125,
ancf 11.0x8.0 - 2,ancf 11.0x8.0,ancf,2,11.0,8.0,,,5.5,95.03317777109125,
ancf 12.0x10.0 - 2,ancf 12.0x10.0,ancf,2,12.0,10.0,,,6.0,113.09733552923255,
ancf 12.0x13.0 - 2,ancf 12.0x13.0,ancf,2,12.0,13.0,,,6.0,113.09733552923255,
ancf 12.0x5.0 - 2,ancf 12.0x5.0,ancf,2,12.0,5.0,,,6.0,113.09733552923255,
ancf 12.0x6.0 - 2,ancf 12.0x6.0,ancf,2,12.0,6.0,,,6.0,113.09733552923255,
ancf 12.0x65.0 - 2,ancf 12.0x65.0,ancf,2,1.2,6.5,,,0.6,1.1309733552923256,
ancf 12.0x8.0 - 2,ancf 12.0x8.0,ancf,2,12.0,8.0,,,6.0,113.09733552923255,
ancf 12.0x9.0 - 2,ancf 12.0x9.0,ancf,2,12.0,9.0,,,6.0,113.09733552923255,
ancf 125.0x6.0 - 2,ancf 125.0x6.0,ancf,2,12.5,0.6,,,6.25,122.7184630308513,
ancf 125.0x75.0 - 2,ancf 125.0x75.0,ancf,2,12.5,7.5,,,6.25,122.7184630308513,
ancf 125.0x9.0 - 2,ancf 125.0x9.0,ancf,2,12.5,0.9,,,6.25,122.7184630308513,
ancf 13.0x10.0 - 2,ancf 13.0x10.0,ancf,2,13.0,10.0,,,6.5,132.73228961416876,
ancf 13.0x11.0 - 2,ancf 13.0x11.0,ancf,2,13.0,11.0,,,6.5,132.73228961416876,
ancf 13.0x5.0 - 2,ancf 13.0x5.0,ancf,2,13.0,5.0,,,6.5,132.73228961416876,
ancf 13.0x65.0 - 2,ancf 13.0x65.0,ancf,2,1.3,6.5,,,0.65,1.3273228961416876,
ancf 13.0x8.0 - 2,ancf 13.0x8.0,ancf,2,13.0,8.0,,,6.5,132.73228961416876,
ancf 14.0x12.0 - 2,ancf 14.0x12.0,ancf,2,14.0,12.0,,,7.0,153.93804002589985,
ancf 14.0x6.0 - 2,ancf 14.0x6.0,ancf,2,14.0,6.0,,,7.0,153.93804002589985,
ancf 14.0x8.0 - 2,ancf 14.0x8.0,ancf,2,14.0,8.0,,,7.0,153.93804002589985,
ancf 14.0x9.0 - 2,ancf 14.0x9.0,ancf,2,14.0,9.0,,,7.0,153.93804002589985,
ancf 15.0x10.0 - 2,ancf 15.0x10.0,ancf,2,15.0,10.0,,,7.5,176.71458676442586,
ancf 15.0x6.0 - 2,ancf 15.0x6.0,ancf,2,15.0,6.0,,,7.5,176.71458676442586,
ancf 15.0x8.0 - 2,ancf 15.0x8.0,ancf,2,15.0,8.0,,,7.5,176.71458676442586,
ancf 16.0x6.0 - 2,ancf 16.0x6.0,ancf,2,16.0,6.0,,,8.0,201.06192982974676,
ancf 16.0x8.0 - 2,ancf 16.0x8.0,ancf,2,16.0,8.0,,,8.0,201.06192982974676,
ancf 9.0x4.0 - 2,ancf 9.0x4.0,ancf,2,9.0,4.0,,,4.5,63.61725123519331,
ancf 9.0x5.0 - 2,ancf 9.0x5.0,ancf,2,9.0,5.0,,,4.5,63.61725123519331,
ancf 9.0x6.0 - 2,ancf 9.0x6.0,ancf,2,9.0,6.0,,,4.5,63.61725123519331,
ancf 9.0x7.0 - 2,ancf 9.0x7.0,ancf,2,9.0,7.0,,,4.5,63.61725123519331,
apc29ff 9.0x4.0 - 2,apc29ff 9.0x4.0,apc29ff,2,9.0,4.0,,,4.5,63.61725123519331,
apccf 7.4x8.25 - 2,apccf 7.4x8.25,apccf,2,7.4,8.25,,,3.7,43.008403427644275,
apccf 7.8x6.0 - 2,apccf 7.8x6.0,apccf,2,7.8,6.0,,,3.9,47.78362426110075,
apccf 7.8x7.0 - 2,apccf 7.8x7.0,apccf,2,7.8,7.0,,,3.9,47.78362426110075,
apce 8.0x4.0 - 2,apce 8.0x4.0,apce,2,8.0,4.0,,,4.0,50.26548245743669,
apce 8.0x6.0 - 2,apce 8.0x6.0,apce,2,8.0,6.0,,,4.0,50.26548245743669,
apce 8.0x8.0 - 2,apce 8.0x8.0,apce,2,8.0,8.0,,,4.0,50.26548245743669,
apce 9.0x7.5 - 2,apce 9.0x7.5,apce,2,9.0,7.5,,,4.5,63.61725123519331,
apce 9.0x9.0 - 2,apce 9.0x9.0,apce,2,9.0,9.0,,,4.5,63.61725123519331,
apcsf 8.0x3.8 - 2,apcsf 8.0x3.8,apcsf,2,8.0,3.8,,,4.0,50.26548245743669,
apcsf 8.0x6.0 - 2,apcsf 8.0x6.0,apcsf,2,8.0,6.0,,,4.0,50.26548245743669,
apcsf 9.0x3.8 - 2,apcsf 9.0x3.8,apcsf,2,9.0,3.8,,,4.5,63.61725123519331,
apcsf 9.0x7.5 - 2,apcsf 9.0x7.5,apcsf,2,9.0,7.5,,,4.5,63.61725123519331,
apcsp 10.0x10.0 - 2,apcsp 10.0x10.0,apcsp,2,10.0,10.0,,,5.0,78.53981633974483,
apcsp 10.0x3.0 - 2,apcsp 10.0x3.0,apcsp,2,10.0,3.0,,,5.0,78.53981633974483,
apcsp 10.0x4.0 - 2,apcsp 10.0x4.0,apcsp,2,10.0,4.0,,,5.0,78.53981633974483,
apcsp 10.0x5.0 - 2,apcsp 10.0x5.0,apcsp,2,10.0,5.0,,,5.0,78.53981633974483,
apcsp 10.0x7.0 - 2,apcsp 10.0x7.0,apcsp,2,10.0,7.0,,,5.0,78.53981633974483,
apcsp 10.0x9.0 - 2,apcsp 10.0x9.0,apcsp,2,10.0,9.0,,,5.0,78.53981633974483,
apcsp 11.0x3.0 - 2,apcsp 11.0x3.0,apcsp,2,11.0,3.0,,,5.5,95.03317777109125,
apcsp 7.0x6.0 - 2,apcsp 7.0x6.0,apcsp,2,7.0,6.0,,,3.5,38.48451000647496,
apcsp 7.0x9.0 - 2,apcsp 7.0x9.0,apcsp,2,7.0,9.0,,,3.5,38.48451000647496,
apcsp 8.0x10.0 - 2,apcsp 8.0x10.0,apcsp,2,8.0,10.0,,,4.0,50.26548245743669,
apcsp 8.0x4.0 - 2,apcsp 8.0x4.0,apcsp,2,8.0,4.0,,,4.0,50.26548245743669,
apcsp 8.0x5.0 - 2,apcsp 8.0x5.0,apcsp,2,8.0,5.0,,,4.0,50.26548245743669,
apcsp 8.0x6.0 - 2,apcsp 8.0x6.0,apcsp,2,8.0,6.0,,,4.0,50.26548245743669,
apcsp 8.0x7.0 - 2,apcsp 8.0x7.0,apcsp,2,8.0,7.0,,,4.0,50.26548245743669,
apcsp 8.0x8.0 - 2,apcsp 8.0x8.0,apcsp,2,8.0,8.0,,,4.0,50.26548245743669,
apcsp 8.0x9.0 - 2,apcsp 8.0x9.0,apcsp,2,8.0,9.0,,,4.0,50.26548245743669,
apcsp 9.0x10.0 - 2,apcsp 9.0x10.0,apcsp,2,9.0,10.0,,,4.5,63.61725123519331,
apcsp 9.0x8.0 - 2,apcsp 9.0x8.0,apcsp,2,9.0,8.0,,,4.5,63.61725123519331,
apcsp 9.0x9.0 - 2,apcsp 9.0x9.0,apcsp,2,9.0,9.0,,,4.5,63.61725123519331,
da4052 5.0x1.58 - 2,da4052 5.0x1.58,da4052,2,5.0,1.58,,,2.5,19.634954084936208,
da4052 5.0x2.65 - 2,da4052 5.0x2.65,da4052,2,5.0,2.65,,,2.5,19.634954084936208,
da4052 5.0x4.92 - 2,da4052 5.0x4.92,da4052,2,5.0,4.92,,,2.5,19.634954084936208,
da4052 9.0x2.85 - 2,da4052 9.0x2.85,da4052,2,9.0,2.85,,,4.5,63.61725123519331,
da4052 9.0x4.76 - 2,da4052 9.0x4.76,da4052,2,9.0,4.76,,,4.5,63.61725123519331,
da4052 9.0x8.95 - 2,da4052 9.0x8.95,da4052,2,9.0,8.95,,,4.5,63.61725123519331,
grsn 11.0x10.0 - 2,grsn 11.0x10.0,grsn,2,11.0,10.0,,,5.5,95.03317777109125,
grsn 11.0x7.0 - 2,grsn 11.0x7.0,grsn,2,11.0,7.0,,,5.5,95.03317777109125,
grsn 9.0x4.0 - 2,grsn 9.0x4.0,grsn,2,9.0,4.0,,,4.5,63.61725123519331,
grsn 9.0x6.0 - 2,grsn 9.0x6.0,grsn,2,9.0,6.0,,,4.5,63.61725123519331,
gwssf 8.0x4.3 - 2,gwssf 8.0x4.3,gwssf,2,8.0,4.3,,,4.0,50.26548245743669,
gwssf 8.0x6.0 - 2,gwssf 8.0x6.0,gwssf,2,8.0,6.0,,,4.0,50.26548245743669,
kavfk 11.0x6.0 - 2,kavfk 11.0x6.0,kavfk,2,11.0,6.0,,,5.5,95.03317777109125,
kavfk 11.0x7.75 - 2,kavfk 11.0x7.75,kavfk,2,11.0,7.75,,,5.5,95.03317777109125,
kavfk 9.0x4.0 - 2,kavfk 9.0x4.0,kavfk,2,9.0,4.0,,,4.5,63.61725123519331,
kavfk 9.0x6.0 - 2,kavfk 9.0x6.0,kavfk,2,9.0,6.0,,,4.5,63.61725123519331,
ma 11.0x10.0 - 2,ma 11.0x10.0,ma,2,11.0,10.0,,,5.5,95.03317777109125,
ma 11.0x9.0 - 2,ma 11.0x9.0,ma,2,11.0,9.0,,,5.5,95.03317777109125,
ma 9.0x8.0 - 2,ma 9.0x8.0,ma,2,9.0,8.0,,,4.5,63.61725123519331,
magf 11.0x4.0 - 2,magf 11.0x4.0,magf,2,11.0,4.0,,,5.5,95.03317777109125,
magf 11.0x5.0 - 2,magf 11.0x5.0,magf,2,11.0,5.0,,,5.5,95.03317777109125,
magf 11.0x8.0 - 2,magf 11.0x8.0,magf,2,11.0,8.0,,,5.5,95.03317777109125,
magf 7.0x4.0 - 2,magf 7.0x4.0,magf,2,7.0,4.0,,,3.5,38.48451000647496,
magf 8.0x4.0 - 2,magf 8.0x4.0,magf,2,8.0,4.0,,,4.0,50.26548245743669,
magf 9.0x4.0 - 2,magf 9.0x4.0,magf,2,9.0,4.0,,,4.5,63.61725123519331,
magf 9.0x5.0 - 2,magf 9.0x5.0,magf,2,9.0,5.0,,,4.5,63.61725123519331,
magf 9.0x7.0 - 2,magf 9.0x7.0,magf,2,9.0,7.0,,,4.5,63.61725123519331,
mas 9.0x6.0 - 2,mas 9.0x6.0,mas,2,9.0,6.0,,,4.5,63.61725123519331,
pl 9x7.72 - 2,pl 9x7.72,pl,2,9.0,7.718261945,,,4.5,63.61725123519331,
rusp 11.0x4.0 - 2,rusp 11.0x4.0,rusp,2,11.0,4.0,,,5.5,95.03317777109125,
zin 11.0x7.0 - 2,zin 11.0x7.0,zin,2,11.0,7.0,,,5.5,95.03317777109125,
zin 9.0x6.0 - 2,zin 9.0x6.0,zin,2,9.0,6.0,,,4.5,63.61725123519331,
nr640 5x3.16 - 3,nr640 5x3.16,nr640,3,5.0,3.156702054,0.5374374999999999,1.6123124999999998,2.5,19.634954084936208,0.08211440133883247
nr640 9x5.68 - 3,nr640 9x5.68,nr640,3,9.0,5.682063698,1.7412975,5.2238925,4.5,63.61725123519331,0.08211440133883248
nr640 9x7.72 - 3,nr640 9x7.72,nr640,3,9.0,7.718261945,1.7412975,5.2238925,4.5,63.61725123519331,0.08211440133883248
da4022 9.0x6.75 - 3,da4022 9.0x6.75,da4022,3,9.0,6.75,3.6367481250000004,10.910244375000001,4.5,63.61725123519331,0.1714982047033873
da4022 5.0x3.75 - 3,da4022 5.0x3.75,da4022,3,5.0,3.75,1.1263281249999997,3.378984374999999,2.5,19.634954084936208,0.17209026109168907
da4052 5.0x3.75 - 3,da4052 5.0x3.75,da4052,3,5.0,3.75,1.20309375,3.6092812500000004,2.5,19.634954084936208,0.18381918462284638
da4052 9.0x6.75 - 3,da4052 9.0x6.75,da4052,3,9.0,6.75,3.945763125,11.837289375000001,4.5,63.61725123519331,0.18607043129288126
nr640 5x3.16 - 4,nr640 5x3.16,nr640,4,5.0,3.156702054,0.5374374999999999,2.1497499999999996,2.5,19.634954084936208,0.10948586845177662
nr640 5x4.29 - 4,nr640 5x4.29,nr640,4,5.0,4.287923303,0.5374374999999999,2.1497499999999996,2.5,19.634954084936208,0.10948586845177662
nr640 9x5.68 - 4,nr640 9x5.68,nr640,4,9.0,5.682063698,1.7412975,6.96519,4.5,63.61725123519331,0.10948586845177664
nr640 9x7.72 - 4,nr640 9x7.72,nr640,4,9.0,7.718261945,1.7412975,6.96519,4.5,63.61725123519331,0.10948586845177664
da4022 9.0x6.75 - 4,da4022 9.0x6.75,da4022,4,9.0,6.75,3.6367481250000004,14.546992500000002,4.5,63.61725123519331,0.22866427293784974
da4022 5.0x3.75 - 4,da4022 5.0x3.75,da4022,4,5.0,3.75,1.1263281249999997,4.505312499999999,2.5,19.634954084936208,0.22945368145558545
da4052 5.0x3.75 - 4,da4052 5.0x3.75,da4052,4,5.0,3.75,1.20309375,4.812375,2.5,19.634954084936208,0.24509224616379516
